{"cameraMode":{"drawMode":0,"name":"Shaded","section":"Shading Mode"},"sceneLighting":true,"audioPlay":false,"sceneViewState":{"showFog":true,"showMaterialUpdate":false,"showSkybox":true,"showFlares":true,"showImageEffects":true,"showParticleSystems":true},"in2DMode":false,"pivot":{"x":-39.349369049072269,"y":-3.4567947387695314,"z":13.219200134277344},"rotation":{"x":-0.13294638693332673,"y":0.45501840114593508,"z":-0.06891237199306488,"w":-0.8778060674667358},"size":35.051422119140628,"orthographic":false}