{"cameraMode":{"drawMode":0,"name":"Shaded","section":"Shading Mode"},"sceneLighting":true,"audioPlay":false,"sceneViewState":{"showFog":true,"showMaterialUpdate":false,"showSkybox":true,"showFlares":true,"showImageEffects":true,"showParticleSystems":true},"in2DMode":false,"pivot":{"x":-29.28380584716797,"y":-7.62547492980957,"z":20.373844146728517},"rotation":{"x":-0.15649496018886567,"y":0.5152348279953003,"z":-0.09631864726543427,"w":-0.8371227979660034},"size":29.435380935668947,"orthographic":false}