{"cameraMode":{"drawMode":0,"name":"Shaded","section":"Shading Mode"},"sceneLighting":true,"audioPlay":false,"sceneViewState":{"showFog":true,"showMaterialUpdate":false,"showSkybox":true,"showFlares":true,"showImageEffects":true,"showParticleSystems":true},"in2DMode":false,"pivot":{"x":173.30233764648438,"y":228.4072265625,"z":871.0875244140625},"rotation":{"x":-0.000002331881887585041,"y":-0.01379889715462923,"z":-1.8146489821901924e-7,"w":0.9999074935913086},"size":599.0104370117188,"orthographic":true}