{"cameraMode":{"drawMode":0,"name":"Shaded","section":"Shading Mode"},"sceneLighting":true,"audioPlay":false,"sceneViewState":{"showFog":true,"showMaterialUpdate":false,"showSkybox":true,"showFlares":true,"showImageEffects":true,"showParticleSystems":true},"in2DMode":false,"pivot":{"x":174.6251983642578,"y":148.47030639648438,"z":816.7999267578125},"rotation":{"x":-0.000002331881887585041,"y":-0.01379889715462923,"z":-1.8146489821901924e-7,"w":0.9999074935913086},"size":421.1371154785156,"orthographic":true}