{"cameraMode":{"drawMode":0,"name":"Shaded","section":"Shading Mode"},"sceneLighting":true,"audioPlay":false,"sceneViewState":{"showFog":false,"showMaterialUpdate":false,"showSkybox":false,"showFlares":false,"showImageEffects":false,"showParticleSystems":false},"in2DMode":false,"pivot":{"x":319.8204650878906,"y":184.5995635986328,"z":-50.98491668701172},"rotation":{"x":-0.14019057154655457,"y":-0.17077931761741639,"z":0.024555852636694909,"w":-0.9749782681465149},"size":295.8807678222656,"orthographic":false}