{"cameraMode":{"drawMode":0,"name":"Shaded","section":"Shading Mode"},"sceneLighting":true,"audioPlay":false,"sceneViewState":{"showFog":false,"showMaterialUpdate":false,"showSkybox":false,"showFlares":false,"showImageEffects":false,"showParticleSystems":false},"in2DMode":false,"pivot":{"x":4.807785511016846,"y":-0.2964068651199341,"z":5.130468368530273},"rotation":{"x":-0.14019057154655457,"y":-0.17077931761741639,"z":0.024555852636694909,"w":-0.9749782681465149},"size":8.188240051269532,"orthographic":false}