{"cameraMode":{"drawMode":0,"name":"Shaded","section":"Shading Mode"},"sceneLighting":true,"audioPlay":false,"sceneViewState":{"showFog":false,"showMaterialUpdate":false,"showSkybox":false,"showFlares":false,"showImageEffects":false,"showParticleSystems":false},"in2DMode":false,"pivot":{"x":2.71658992767334,"y":-1.5943316221237183,"z":5.4807448387146},"rotation":{"x":-0.14019057154655457,"y":-0.17077931761741639,"z":0.024555852636694909,"w":-0.9749782681465149},"size":7.741926670074463,"orthographic":false}