{"cameraMode":{"drawMode":0,"name":"Shaded","section":"Shading Mode"},"sceneLighting":true,"audioPlay":false,"sceneViewState":{"showFog":true,"showMaterialUpdate":false,"showSkybox":true,"showFlares":true,"showImageEffects":true,"showParticleSystems":true},"in2DMode":false,"pivot":{"x":162.78712463378907,"y":252.43484497070313,"z":-111.7762451171875},"rotation":{"x":-0.0005617226706817746,"y":-0.3078237473964691,"z":-0.0001817938609747216,"w":0.951444149017334},"size":323.7380676269531,"orthographic":false}