{"cameraMode":{"drawMode":0,"name":"Shaded","section":"Shading Mode"},"sceneLighting":true,"audioPlay":false,"sceneViewState":{"showFog":true,"showMaterialUpdate":false,"showSkybox":true,"showFlares":true,"showImageEffects":true,"showParticleSystems":true},"in2DMode":false,"pivot":{"x":358.79193115234377,"y":200.1630401611328,"z":-1.1937499046325684},"rotation":{"x":0.011999635957181454,"y":0.0014998548431321979,"z":-0.000017985745216719806,"w":0.9999305009841919},"size":254.1295928955078,"orthographic":true}