{"cameraMode":{"drawMode":0,"name":"Shaded","section":"Shading Mode"},"sceneLighting":true,"audioPlay":false,"sceneViewState":{"showFog":true,"showMaterialUpdate":false,"showSkybox":true,"showFlares":true,"showImageEffects":true,"showParticleSystems":true},"in2DMode":false,"pivot":{"x":-99.83679962158203,"y":114.03805541992188,"z":3856.44921875},"rotation":{"x":-8.464101597382978e-8,"y":0.00599983986467123,"z":-8.47362002787122e-7,"w":0.9999914765357971},"size":2925.40576171875,"orthographic":false}