{"cameraMode":{"drawMode":0,"name":"Shaded","section":"Shading Mode"},"sceneLighting":true,"audioPlay":false,"sceneViewState":{"showFog":true,"showMaterialUpdate":false,"showSkybox":true,"showFlares":true,"showImageEffects":true,"showParticleSystems":true},"in2DMode":false,"pivot":{"x":36.092384338378909,"y":-1.6337599754333497,"z":-167.67869567871095},"rotation":{"x":-0.020435523241758348,"y":-0.9326649904251099,"z":0.05350938066840172,"w":-0.35618722438812258},"size":117.22093963623047,"orthographic":false}