{"cameraMode":{"drawMode":0,"name":"Shaded","section":"Shading Mode"},"sceneLighting":true,"audioPlay":false,"sceneViewState":{"showFog":true,"showMaterialUpdate":false,"showSkybox":true,"showFlares":true,"showImageEffects":true,"showParticleSystems":true},"in2DMode":false,"pivot":{"x":-45.07529067993164,"y":-15.734722137451172,"z":-42.20366668701172},"rotation":{"x":0.054846059530973437,"y":-0.9355294704437256,"z":0.1676388382911682,"w":0.3060755431652069},"size":51.53264236450195,"orthographic":false}