{"cameraMode":{"drawMode":0,"name":"Shaded","section":"Shading Mode"},"sceneLighting":true,"audioPlay":false,"sceneViewState":{"showFog":true,"showMaterialUpdate":false,"showSkybox":true,"showFlares":true,"showImageEffects":true,"showParticleSystems":true},"in2DMode":false,"pivot":{"x":-39.458892822265628,"y":37.492645263671878,"z":109.7479248046875},"rotation":{"x":0.18870146572589875,"y":-0.02836764045059681,"z":0.0053302934393286709,"w":0.9816473722457886},"size":374.00299072265627,"orthographic":false}