{"cameraMode":{"drawMode":0,"name":"Shaded","section":"Shading Mode"},"sceneLighting":true,"audioPlay":false,"sceneViewState":{"showFog":true,"showMaterialUpdate":false,"showSkybox":true,"showFlares":true,"showImageEffects":true,"showParticleSystems":true},"in2DMode":false,"pivot":{"x":13.64139175415039,"y":20.107826232910158,"z":-130.0643310546875},"rotation":{"x":-0.028089305385947229,"y":-0.5596117377281189,"z":0.01898346096277237,"w":-0.828066349029541},"size":22.24752426147461,"orthographic":false}