{"cameraMode":{"drawMode":0,"name":"Shaded","section":"Shading Mode"},"sceneLighting":true,"audioPlay":false,"sceneViewState":{"showFog":true,"showMaterialUpdate":false,"showSkybox":true,"showFlares":true,"showImageEffects":true,"showParticleSystems":true},"in2DMode":false,"pivot":{"x":-155.17990112304688,"y":30.03992462158203,"z":-198.15499877929688},"rotation":{"x":-0.08772987872362137,"y":0.5175502896308899,"z":-0.053447425365448,"w":-0.8494774699211121},"size":67.61563110351563,"orthographic":false}