{"cameraMode":{"drawMode":0,"name":"Shaded","section":"Shading Mode"},"sceneLighting":true,"audioPlay":false,"sceneViewState":{"showFog":true,"showMaterialUpdate":false,"showSkybox":true,"showFlares":true,"showImageEffects":true,"showParticleSystems":true},"in2DMode":false,"pivot":{"x":-361.3128967285156,"y":386.5927429199219,"z":143.7380828857422},"rotation":{"x":0.18870146572589875,"y":-0.02836764045059681,"z":0.0053302934393286709,"w":0.9816473722457886},"size":13.359397888183594,"orthographic":false}